title,time,url,content
早知道·财讯热搜榜TOP10（7月23日）,2021-07-23 08:18,http://www.xinhuanet.com/fortune/2021-07/23/c_1127684495.htm,
早知道·财讯热搜榜TOP10（7月20日）,2021-07-20 08:22,http://www.xinhuanet.com/fortune/2021-07/20/c_1127672423.htm,
【财经翻译官】上半年，钱都去哪了？,2021-07-14 16:20,http://www.xinhuanet.com/fortune/2021-07/14/c_1127654394.htm,
国常会速览｜保障劳动者权益 平台企业抽成要公开,2021-07-08 13:47,http://www.xinhuanet.com/fortune/2021-07/08/c_1127634257.htm,
不数不知道！中国高铁路网越织越密,2021-07-01 15:49,http://www.xinhuanet.com/fortune/2021-07/01/c_1127615427.htm,
不数不知道！我国医保覆盖面竟然这么广,2021-06-30 14:08,http://www.xinhuanet.com/fortune/2021-06/30/c_1127612172.htm,
不数不知道！我国新药审批提速进行时,2021-06-29 10:51,http://www.xinhuanet.com/fortune/2021-06/29/c_1127608119.htm,
早知道·财讯热搜榜TOP10（6月28日）,2021-06-28 08:14,http://www.xinhuanet.com/fortune/2021-06/28/c_1127603712.htm,
政经有话说|王志刚谈新型举国体制新特点,2021-01-07 16:46,http://www.xinhuanet.com/fortune/2021-01/07/c_1126956627.htm,
国常会速览｜连续8年的国常会“新年首会”都在关注这件事,2021-01-04 22:17,http://www.xinhuanet.com/fortune/2021-01/04/c_1126945553.htm,
